item,qty,spec,supplier,unit_cost_usd,make_buy,notes
1 Post,1,"Hot-dip galvanised steel square hollow section 60 x 60 x 3 mm, S235 or better, cut to 2,100 mm; a 17.5 mm hole in the canal-side wall and a 21.5 mm hole in the back wall on one axis, 1,150 mm from the bottom end; cold galvanising paint on cut ends and hole",Steel stockholder or fencing supplier,48.00,make,"Indicative price for a 2.1 m length; 900 mm set in the footing, 1,200 mm above ground (CNR-DDR-002)"
2 Concrete footing,1,"400 mm diameter x 1,000 mm deep hole in the bank, about 0.13 m3 of 25 MPa ready-mix or bagged concrete (about 12 bags of 25 kg), with 100 mm of concrete under the post",Builders' merchant,78.00,make,"Indicative price for bagged concrete; footing checked for 4.5 kN in medium dense granular soil (CNR-CAL-001, G4 and G5); soil to be confirmed on site"
3 Crush tube,1,"Steel tube 21.3 x 2.0 mm (1/2 in pipe class), cut to 57 mm, ends square; slides in through the 21.5 mm hole in the back wall and bears on the inside of the canal-side wall, so the anchor bolt can be tightened without crushing the post",Steel stockholder or plumbing supplier,3.00,make,Offcut price
4 Anchor bolt set,1,"M16 x 90 hex bolt, grade 8.8, hot-dip galvanised; one 50 mm OD x 4 mm and one 30 mm OD x 3 mm washer; high-strength threadlocker",Fastener supplier,6.00,buy,Bolt runs through the crush tube; head and 50 mm washer on the back face of the post, covering the crush tube end
5 Forged eye nut,1,"M16 forged steel eye nut to DIN 582 class or equivalent, working load limit at least 700 kg in line with the thread, galvanised, marked with its rating",Lifting gear supplier,12.00,buy,"Ladder anchor; loaded in line with its thread (CNR-CAL-001, G1)"
6 Box mounting plate,1,"Aluminium sheet 5052 or 6061, 4 mm, cut to 400 x 300 mm; four 9 mm holes for the U-bolts","Metal supplier, cut to size",22.00,make,Spreads the clamp load over the box back
7 Square U-bolts,2,"M8 square U-bolt for 60 mm square tube, 80 mm usable leg, stainless or galvanised, with nuts",Fastener or fencing supplier,5.00,buy,Legs pass through the plate and the box back wall
8 Storage box,1,"Polypropylene or polyethylene storage box about 70 L, about 450 x 650 x 360 mm outside (D x W x H), UV stabilised, bright yellow or orange, hinged lid with clip latches and no lock; drilled for four U-bolt legs and four drain holes, with a 30 x 25 mm rope notch in the front rim",Hardware or storage retailer,45.00,buy,Size must take a 370 mm rung across its depth; to confirm when bought (CNR-DEC-001)
9 Box fixings,4,"M8 nyloc nut and 30 mm OD x 1.5 mm fender washer, stainless",Fastener supplier,0.80,buy,Inside the box on the U-bolt legs
10 Post cap,1,"Plastic cap for 60 x 60 mm square tube, UV stabilised",Fencing supplier,2.00,buy,
11 Decals and tamper tag,1,"UV-laminated vinyl decals: pictogram how-to on the lid, warning on the front (do not enter the water, call the emergency number, not a seat); numbered plastic tamper tag on the latch",Sign printer,22.00,buy,
12 Rescue knife,1,"Blunt-tip rope rescue knife with a sheath, tethered under the lid",Water rescue supplier,20.00,buy,For cutting rope if anyone becomes caught in it
13 Rungs,13,"Aluminium 6061-T6 round tube 28.6 x 1.65 mm (1-1/8 x 0.065 in), cut to 360 mm; two 16 mm holes across each rung 20 mm from the ends; stand-off rungs 3, 6, 9 and 12 also get two 5.3 mm holes 40 mm from the ends",Metal supplier (tube sold in 2.4 m or 6 m lengths),5.60,make,About 4.7 m of tube in all; price per rung
14 Float sleeves,13,"Closed-cell cross-linked polyethylene foam tube, 50 mm outside, 28 mm bore, about 33 kg/m3, orange; nine cut to 294 mm and four cut to 260 mm (about 3.7 m in all)",Foam or pipe insulation supplier,1.20,make,"Closed-cell grade only, so it cannot soak up water; price per sleeve"
15 Wall stand-off blocks,8,"HDPE sheet 16 mm, natural or black UV-stabilised, cut to the block outline (115 x 40 mm, nose 24 mm high); 28.8 mm rung hole and 5.3 mm bolt hole","Plastics supplier, offcut",3.00,make,One 300 x 150 mm offcut makes all eight
16 Stand-off bolts,8,"M5 x 50 stainless A2-70 hex bolt, two washers and one nyloc nut",Fastener supplier,0.60,buy,
17 Rope bushes,26,"Nylon (PA6) flanged sleeve bush, 12 mm bore, 16 mm outside, 22 mm flange x 2 mm, 30 mm long trimmed to 29 mm",Bearing or plastics supplier,0.80,buy,Protects the rope from the aluminium hole edges; flange goes on the underside
18 Rung end caps,26,"Plastic insert plug for 28.6 x 1.65 mm round tube, UV stabilised",Tube fittings supplier,0.40,buy,
19 Side ropes,2,"10.5 mm low-stretch kernmantle rope to EN 1891 type A, polyester preferred, minimum breaking strength at least 22 kN, cut to 8.0 m each (16 m in all), ends heat sealed",Rope or work-at-height supplier,20.00,make,"About USD 2.50 per metre; one overhand stopper knot under each rung end and a figure-eight loop at each end (CNR-CAL-001, E1)"
20 Seizing twine,1,"Waxed polyester whipping twine, about 1 mm, one small roll",Chandlery or rope supplier,8.00,buy,Seizing 20 mm long above each rung end
21 Screw links,2,"10 mm zinc-plated steel screw link (maillon), marked with a working load limit of at least 1,000 kg",Lifting gear or climbing supplier,8.00,buy,Top link on the eye nut; bottom link to the throw weight
22 Soft throw weight,1,"0.5 kg soft weight: a fabric pouch filled with lead-free steel shot, with a sewn webbing loop, bright colour",Dive or rescue supplier,15.00,buy,"Soft, so it cannot injure a person if it lands near them; thrown upstream, never at the person"
23 Edge protector sleeves,2,"Rope protector sleeve, PVC-coated polyester, hook-and-loop closure, 500 mm long, for 9 to 13 mm rope",Rope access or arborist supplier,15.00,buy,Where the ropes cross the coping
24 Consumables,1,"Cold galvanising paint, polyurethane adhesive, heat-shrink or tape for rope ends, marker, cable ties",Hardware store,15.00,buy,
